<?xml version="1.0" encoding="UTF-8"?>
<project-private xmlns="http://www.netbeans.org/ns/project-private/1">
    <editor-bookmarks xmlns="http://www.netbeans.org/ns/editor-bookmarks/2" lastBookmarkId="1">
        <file>
            <url>public/css/default.css</url>
            <bookmark id="1">
                <name/>
                <line>24</line>
                <key/>
            </bookmark>
        </file>
    </editor-bookmarks>
    <open-files xmlns="http://www.netbeans.org/ns/projectui-open-files/2">
        <group>
            <file>file:/D:/Xampp/htdocs/document/resources/views/TransMoney/report.blade-old.php</file>
            <file>file:/D:/Xampp/htdocs/document/public/layouts/css/mycss.css</file>
            <file>file:/D:/Xampp/htdocs/document/app/Http/routes.php</file>
            <file>file:/D:/Xampp/htdocs/document/resources/views/TransMoney/update.blade.php</file>
            <file>file:/D:/Xampp/htdocs/document/resources/views/index.blade.php</file>
            <file>file:/D:/Xampp/htdocs/document/app/Http/Controllers/TransMoneysController.php</file>
            <file>file:/D:/Xampp/htdocs/document/resources/views/TransMoney/report.blade.php</file>
        </group>
    </open-files>
</project-private>
